kepid,tce_plnt_num,kepoi_name,bGB,bLR,mean
5965819,1,K03319.01,0.9585877633697608,0.9912760032018508,0.9749318832858058
10794087,1,K01316.01,0.9599938353887328,0.9892180898858132,0.974605962637273
7037540,2,,0.9434276292889646,0.9972114213355108,0.9703195253122376
8480285,1,K00691.01,0.942462999792281,0.9971112684240364,0.9697871341081588
9230021,1,K03429.01,0.9289244603903858,0.9897470915334844,0.9593357759619351
5020319,1,K00635.01,0.9178152068667298,0.9890794406075768,0.9534473237371532
8644365,1,K03384.01,0.9186458215321311,0.9845284332780416,0.9515871274050864
12505076,1,K02154.01,0.9085799676518108,0.9885143417698268,0.9485471547108189
9904006,2,K02135.02,0.9112902676145828,0.9852302495043884,0.9482602585594856
9150827,1,K01408.01,0.9146844407178168,0.9749646514418508,0.9448245460798339
7975727,2,,0.8962402687896186,0.9880610143850441,0.9421506415873313
8552719,2,K01792.02,0.9690629170262154,0.9088994760743372,0.9389811965502763
8180020,2,,0.8972251681296451,0.9778501424485572,0.9375376552891012
9446824,2,,0.8809599316370654,0.9798370785321524,0.9303985050846089
5972334,2,K00191.02,0.8635234956779467,0.990744622765666,0.9271340592218064
11394027,1,K00349.01,0.8850428008419011,0.9684993793945548,0.926771090118228
5374854,2,K00645.02,0.8951211507534687,0.9582493793538044,0.9266852650536366
9071386,2,,0.9155987885322192,0.9327227906486656,0.9241607895904425
8176650,2,,0.8714019986138033,0.9757665358870712,0.9235842672504373
11187837,1,K00252.01,0.8810436487476176,0.9653902570215244,0.9232169528845711
11754430,2,K03403.02,0.8659767575071456,0.9797338583660112,0.9228553079365784
9995771,1,K03470.01,0.8808598377395205,0.9640380809087816,0.922448959324151
3970233,2,,0.8700040472299885,0.9720776609953978,0.9210408541126931
10587105,3,K00339.03,0.9015299428180832,0.93706686535884,0.9192984040884615
5370302,2,,0.8621620729291248,0.9726782069886759,0.9174201399589004
3641726,1,K00804.01,0.8953000460104549,0.9357115146266276,0.9155057803185412
9838975,2,,0.8659435442620901,0.9637109404999936,0.9148272423810418
5872150,3,,0.8628394443839145,0.9611349211605252,0.9119871827722199
7584650,1,K02631.01,0.9028331697751701,0.9113299277965992,0.9070815487858847
4840513,2,,0.8940602814066736,0.9165167358499798,0.9052885086283267
6356692,1,K02948.01,0.8210663304919286,0.9878582297769796,0.9044622801344541
4149450,1,K01864.01,0.8350333926142565,0.9727300401138841,0.9038817163640702
5770074,1,K01928.01,0.9070353259512084,0.8972063756933671,0.9021208508222878
10616571,3,,0.9523058606456952,0.8454299582406704,0.8988679094431828
10016874,1,K00426.01,0.8724522624755624,0.9240108001280241,0.8982315313017932
9288786,2,,0.8483366598176786,0.9465667801110984,0.8974517199643886
10676824,1,K00599.01,0.815888470775183,0.97883075884295,0.8973596148090666
7938496,1,K00900.01,0.8088603867641742,0.9816769497953194,0.8952686682797468
3247268,2,K01089.02,0.8430019576157333,0.9464650698890404,0.8947335137523869
11566064,2,K00353.02,0.9055871288085456,0.8798808858933346,0.8927340073509401
11030475,1,K02248.01,0.8683266381081282,0.9145166910291728,0.8914216645686505
11657614,1,K03370.01,0.8155449589739057,0.9602626390922294,0.8879037990330676
5794570,2,K02675.02,0.8007194842702565,0.9683594127404204,0.8845394485053384
6803202,1,K00177.01,0.7698223333050482,0.9910586436861064,0.8804404884955773
12504988,2,,0.7828077961871296,0.9658137669688364,0.8743107815779829
7670943,1,K00269.01,0.8498076330346359,0.8977758393843742,0.8737917362095051
8804455,2,K02159.02,0.7784614384034699,0.9674342863595532,0.8729478623815116
3940418,1,K00810.01,0.7817568628154382,0.9607284096715693,0.8712426362435037
12120307,3,K02597.03,0.8056698580968059,0.9367621353101416,0.8712159967034738
5786676,1,K00650.01,0.7960109714016788,0.9435522956369856,0.8697816335193322
6762829,2,,0.8135147910134113,0.9250016832317712,0.8692582371225912
9823487,1,K01489.01,0.7835873109818086,0.952307064661011,0.8679471878214098
5376836,2,,0.760422487944999,0.9748339693972656,0.8676282286711323
8804845,1,K02039.01,0.7661925558778391,0.9688539016749204,0.8675232287763797
5035972,2,,0.8503300800820666,0.8845238127671089,0.8674269464245877
3342592,2,,0.8705358577581416,0.8638873681558659,0.8672116129570038
7287415,1,K01369.01,0.7758480597880615,0.9531565874881044,0.8645023236380829
10904857,2,,0.8256585024295798,0.8982302528122297,0.8619443776209048
10875007,1,K04149.01,0.7697053532602574,0.953421886075782,0.8615636196680196
3831053,1,K00388.01,0.7430914846104322,0.9796407402000484,0.8613661124052403
5531953,1,K01681.01,0.7502645634375524,0.9689361724165264,0.8596003679270394
7202957,2,K02687.02,0.8850204958243346,0.8288285892965229,0.8569245425604288
4140813,1,K02117.01,0.8364402489962064,0.8760710103566698,0.8562556296764381
5342473,1,K02297.01,0.7880591228980454,0.9174659536634879,0.8527625382807666
2438513,1,K01944.01,0.742818136579359,0.9563670987912531,0.8495926176853061
9605514,1,K00945.01,0.9043657031514132,0.794396573744052,0.8493811384477326
8678594,2,K01261.02,0.7835800862043409,0.9068257047896308,0.8452028954969859
5792202,3,K00841.03,0.862937256540238,0.8269470512116104,0.8449421538759242
11853878,2,K01833.02,0.7779047354708241,0.906766290051928,0.8423355127613761
5775129,1,K02802.01,0.8103421707387244,0.8742678839162737,0.842305027327499
11122894,3,K01426.03,0.9207015942687508,0.7617744802562607,0.8412380372625057
11568987,2,K00354.02,0.6910609179491622,0.9909347928096636,0.8409978553794129
7135852,1,K00875.01,0.7106110565449182,0.9681151184667359,0.8393630875058271
9837661,3,K02715.03,0.7405554099005601,0.9374482824736786,0.8390018461871194
11709124,2,,0.9760374528616204,0.7003044107598149,0.8381709318107176
11126381,1,K01863.01,0.8696716192440335,0.8053109428878884,0.8374912810659609
10074466,1,K01917.01,0.8800906384802307,0.7947143968753185,0.8374025176777746
2581316,2,K03681.02,0.9256967669439558,0.7422147793146718,0.8339557731293138
11874577,1,K02779.01,0.8026505197943663,0.8652231874186257,0.8339368536064959
6946199,2,K01359.02,0.9096057973266632,0.7547333807785528,0.832169589052608
9244756,1,K01969.01,0.7637048869479346,0.9001894879371053,0.8319471874425199
2718778,1,K02489.01,0.7134089965720294,0.9495030773235704,0.8314560369477999
2574338,1,K01030.01,0.7089864587432149,0.9497521988758866,0.8293693288095507
11810124,1,K03344.01,0.8811463133460048,0.7759477284252102,0.8285470208856075
9003401,1,K02319.01,0.7317359907402872,0.920132491319337,0.825934241029812
6467363,1,K02840.01,0.7983621985430767,0.8535028111126279,0.8259325048278523
7700622,1,K00315.01,0.7527902255548514,0.8976684411360173,0.8252293333454344
1026957,1,K00958.01,0.7700794821839324,0.8787782784163064,0.8244288803001194
11599038,1,K01437.01,0.8378252501718632,0.8109101198431373,0.8243676850075002
2449431,1,K02009.01,0.8405906640778132,0.8078709549221029,0.8242308094999581
5787131,1,K02927.01,0.7963844293239982,0.8493540938082768,0.8228692615661375
10337517,1,K01165.01,0.8866680036274727,0.7588767781924489,0.8227723909099608
7183745,2,K02521.02,0.7947233590718218,0.8489715252809064,0.8218474421763641
9266431,1,K00704.01,0.7067259012766602,0.9353290947125328,0.8210274979945965
9936080,1,K04431.01,0.6848475585089924,0.953053614603716,0.8189505865563542
4770365,2,K01475.02,0.85993265817221,0.7707823695445948,0.8153575138584024
7948784,1,K01968.01,0.7091788992931491,0.9187326365227388,0.813955767907944
10118816,1,K01085.01,0.7216927286042412,0.9053109138489972,0.8135018212266192
10091110,3,,0.7728347511970541,0.8531126483414971,0.8129736997692756
11856178,1,K06246.01,0.6993998690671106,0.9263332882881246,0.8128665786776176
3937519,2,K00221.02,0.6469919000189949,0.9743160035501508,0.8106539517845728
7941200,1,K00092.01,0.7182501481351884,0.8995938042730782,0.8089219762041333
5372966,2,,0.8869141033312976,0.7286454747345525,0.807779789032925
5534941,1,K02332.01,0.6448740993429165,0.9697479154681828,0.8073110074055496
9636135,2,K01498.02,0.6903951544300893,0.9241288972763152,0.8072620258532022
6719086,1,K01357.01,0.7947065105116446,0.8184634460487739,0.8065849782802093
9006186,2,K02169.02,0.8142052474139035,0.7969976655157851,0.8056014564648444
5716932,1,K02358.01,0.7798738576193005,0.8307566350808202,0.8053152463500604
3734868,2,,0.6384086010534729,0.9703571169793598,0.8043828590164164
3642741,1,K00242.01,0.6831041539669065,0.9252190615342276,0.8041616077505671
7097965,1,K02083.01,0.6650537914566232,0.9425127564001462,0.8037832739283848
8935810,1,K01395.01,0.7639023596971748,0.8410944924306669,0.8024984260639209
8456679,2,K00102.02,0.6305026820943921,0.9725595184134136,0.8015311002539028
4770365,1,K01475.01,0.811919323355508,0.7887483604640907,0.8003338419097994
11967788,2,K04021.02,0.6449448822853532,0.955039483567078,0.7999921829262155
11098013,1,K02712.01,0.753899233965869,0.8460793883156654,0.7999893111407672
11253711,1,K01972.01,0.8280105785356926,0.7623887426797811,0.7951996606077368
8410415,1,K02291.01,0.7077706356844127,0.8822965809525316,0.7950336083184721
5972334,3,K00191.03,0.8488970236847202,0.7353052261885279,0.7921011249366241
11852982,1,K00247.01,0.6208424140727202,0.9631138490326188,0.7919781315526695
7364176,1,K00373.01,0.9027611570768208,0.6810732595271839,0.7919172083020023
10793172,1,K02871.01,0.8512240957343974,0.7324885053985398,0.7918563005664686
4548098,1,K04157.01,0.6831204575364349,0.9005002202335172,0.791810338884976
9411166,2,,0.9555188702178246,0.6215238606863143,0.7885213654520694
8321314,1,K02293.01,0.6879863926713932,0.8801275034330878,0.7840569480522405
6364215,2,K02404.02,0.6308558023241572,0.9333309337100408,0.7820933680170989
11771430,1,K02582.01,0.6795176058878281,0.8843941667988515,0.7819558863433398
7810483,1,K01943.01,0.7592719591923364,0.8045371221306341,0.7819045406614853
11618601,1,K03022.01,0.6999430774630335,0.8619367545003265,0.78093991598168
7377343,1,K05384.01,0.6283220871645521,0.9324284665332919,0.780375276848922
4365645,1,K01738.01,0.6664364209067115,0.8896173337850612,0.7780268773458864
12120943,1,K01458.01,0.7482980321100905,0.8077339237026464,0.7780159779063684
6698670,2,,0.7290892084377154,0.8217408566063795,0.7754150325220475
11297236,1,K01857.01,0.7886239929291232,0.76202867619293,0.7753263345610266
8505920,1,K02094.01,0.6678673471964442,0.8733711538443005,0.7706192505203724
4860678,1,K01602.01,0.7171317967632964,0.8241012515849352,0.7706165241741159
4242147,1,K01934.01,0.7685844368932727,0.7664468853087624,0.7675156611010175
11030475,2,,0.8244979586177253,0.7081031997502665,0.7663005791839959
3109930,1,K01112.01,0.7925510832282593,0.7398495261124997,0.7662003046703795
11074178,2,K01889.02,0.873856923980273,0.6521487472820355,0.7630028356311542
4164922,1,K03864.01,0.6665456698487995,0.8575548661211276,0.7620502679849636
5905822,1,K02801.01,0.679302334462397,0.8434640215049416,0.7613831779836693
9269281,1,K01398.01,0.8171347182167837,0.7006963610418682,0.7589155396293259
4851464,2,,0.7129993644820525,0.8041375608102608,0.7585684626461566
8078502,1,K03383.01,0.8435874199694703,0.6722261926724971,0.7579068063209837
8263545,1,K02822.01,0.645036167322379,0.8703344262833206,0.7576852968028498
10134152,1,K02056.01,0.8067780558378379,0.7075276151292679,0.7571528354835528
9532710,1,K02364.01,0.7508726525570739,0.7619512526157783,0.7564119525864261
6300348,1,K00212.01,0.6211248568425027,0.8821518994297873,0.7516383781361451
4814502,1,K04004.01,0.6355482061325208,0.8649028117639388,0.7502255089482298
5942808,1,K02250.01,0.7917953154795858,0.7077775490551477,0.7497864322673667
7877978,1,K02760.01,0.7575187349964994,0.7415725041038146,0.749545619550157
11821363,1,K01494.01,0.5727320621176136,0.9251099452489144,0.7489210036832641
7219825,3,K00238.03,0.6598801867062876,0.8347195971182909,0.7472998919122893
3545135,1,K02755.01,0.5241931151490833,0.969141722349939,0.7466674187495111
5780885,2,,0.6724514468345153,0.8167188504704821,0.7445851486524987
5356593,2,,0.6576917530600038,0.8311177455544905,0.7444047493072472
8953059,2,,0.7320777472107112,0.7566530450144389,0.744365396112575
11718144,1,K02310.01,0.7464189456777592,0.7406248178126518,0.7435218817452055
10485250,2,,0.7444232481756647,0.7368942825565543,0.7406587653661095
10094670,1,K01984.01,0.5906296785718647,0.8868736459976541,0.7387516622847594
2717158,1,K03459.01,0.6229272035742767,0.8542569011522596,0.7385920523632681
5270698,2,,0.7975008710781766,0.6777434510830838,0.7376221610806302
9896018,1,K02579.01,0.8401374253382548,0.6338274668914324,0.7369824461148435
5978559,1,K02321.01,0.778570781886553,0.6948301170870319,0.7367004494867925
7386827,1,K01704.01,0.6516364212051826,0.8217597340967219,0.7366980776509522
6041734,2,,0.8546380962394309,0.6171490704933388,0.7358935833663849
9405595,1,K02125.01,0.5752456257461895,0.8961849179584829,0.7357152718523362
6383785,2,K00239.02,0.6851453511316902,0.7861544633828834,0.7356499072572869
6058816,1,K03500.01,0.7941299753438333,0.6765399381577359,0.7353349567507846
10793172,2,K02871.02,0.7252142202314669,0.7439962190595311,0.734605219645499
5709725,2,K00555.02,0.9075859707155612,0.5606034777304572,0.7340947242230091
4173026,1,K02172.01,0.8373594617242429,0.6292344238111516,0.7332969427676972
9649222,2,,0.6511664187614818,0.8141206896167702,0.7326435541891261
7522911,1,K01705.01,0.5979591718123793,0.8619598633503813,0.7299595175813803
5963582,1,K02479.01,0.5534506046626648,0.8975303887887095,0.7254904967256872
9605514,2,K00945.02,0.8677188505134604,0.5793825959915203,0.7235507232524904
8073806,1,K02411.01,0.6613836738939094,0.7830764604654923,0.7222300671797008
3859628,1,K01191.01,0.6295794168933441,0.8138487809994203,0.7217140989463822
11076400,1,K02759.01,0.5761088952003441,0.8672292987511845,0.7216690969757643
3098810,1,K01878.01,0.7453309599882305,0.6837541490969197,0.7145425545425751
11601584,3,K01831.03,0.5676786418970591,0.859183401433149,0.7134310216651041
11618601,2,K03022.02,0.6065949572536546,0.8166507700324814,0.711622863643068
12785320,2,K00298.02,0.7440804625731148,0.6722034361882324,0.7081419493806735
3231341,5,,0.8504749750881602,0.5564361612059767,0.7034555681470684
3128552,3,K02055.03,0.7298005628114241,0.6742869444524728,0.7020437536319485
3122913,1,K02490.01,0.6404425454428277,0.7617657030185379,0.7011041242306828
7939330,1,K01581.01,0.8151223553092124,0.5858683646334094,0.7004953599713108
7446631,1,K02598.01,0.7444859617213464,0.6535398561698856,0.6990129089456161
1872821,1,K02351.01,0.727944499412331,0.6699827022978465,0.6989636008550888
5219234,3,K01563.03,0.7167068655491481,0.6787388806737479,0.697722873111448
9896018,2,K02579.02,0.7403530204919202,0.6537700115725054,0.6970615160322128
5601258,1,K02191.01,0.6636330957796888,0.7294947678743346,0.6965639318270117
7879433,1,K02527.01,0.5484248387048558,0.8430827582951013,0.6957537984999785
10867062,1,K01303.01,0.6451396207990447,0.743843501103538,0.6944915609512914
4770174,1,K02971.01,0.6548963572188997,0.7335680888030516,0.6942322230109756
3648437,1,K01861.01,0.8385068142793739,0.54685602864247,0.6926814214609219
11705004,1,K02199.01,0.7440577183007757,0.6389036411278424,0.691480679714309
7017274,1,K03209.01,0.8282739439845486,0.5519224369000428,0.6900981904422957
10319385,1,K01169.01,0.6407974443747735,0.7387142975726172,0.6897558709736953
8892910,2,,0.6023018550082366,0.7760131412027627,0.6891574981054996
4665571,2,K02393.02,0.5819286380204145,0.7895328059719944,0.6857307219962044
5436013,1,K02471.01,0.7804738340455909,0.5884343043601754,0.6844540692028831
5211199,1,K02158.01,0.8372194505629038,0.5296312846679248,0.6834253676154143
6862721,1,K01982.01,0.7084387310827188,0.6569853588110134,0.6827120449468661
9100953,2,K04500.02,0.8003471679377046,0.5610317312246073,0.680689449581156
6889235,2,,0.5212242275534603,0.8396575466487068,0.6804408871010836
12645057,1,K04497.01,0.5974650887988946,0.7632998871696531,0.6803824879842739
5031857,2,K01573.02,0.76415808976828,0.5937661150488596,0.6789621024085698
12105051,1,K00141.01,0.654121011118066,0.7009382615213963,0.6775296363197312
7762723,1,K02663.01,0.7480990033146971,0.6033287443514321,0.6757138738330646
12115188,2,,0.7590311462693399,0.5915704137750271,0.6753007800221835
9872292,1,K01537.01,0.6120281394862752,0.7361001445764483,0.6740641420313618
10471621,1,K02554.01,0.7782267719483228,0.5688270024365742,0.6735268871924485
7023960,2,,0.7186843060062958,0.6273239492255815,0.6730041276159386
2854181,1,K02232.01,0.7783749060565306,0.5624321152977318,0.6704035106771312
11465950,1,K02620.01,0.5890714043509595,0.7515320140895467,0.6703017092202531
10005758,2,K01783.02,0.7930707967598715,0.5460262922399699,0.6695485444999207
10597693,1,K02958.01,0.5518385620326964,0.7870278585863902,0.6694332103095433
9654468,1,K02417.01,0.547770284793254,0.7877996607423924,0.6677849727678231
12156347,1,K02588.01,0.7583987557057387,0.5739751758308661,0.6661869657683024
4650733,1,K01659.01,0.6793846115787965,0.6474157105696905,0.6634001610742435
3102000,2,,0.6202724051232169,0.706377603140546,0.6633250041318814
6593150,1,K03037.01,0.5773770934151747,0.7472048046616873,0.662290949038431
8087812,1,K04343.01,0.5733350642767265,0.7493538066755996,0.6613444354761631
3097926,1,K02186.01,0.5684955385332644,0.7494156844135751,0.6589556114734197
9307509,1,K02096.01,0.7041705887537391,0.6126900857245882,0.6584303372391636
4857213,1,K02120.01,0.5547965973519627,0.7609206908297338,0.6578586440908483
7450747,1,K04267.01,0.517643881500935,0.7978822587201377,0.6577630701105364
11337141,1,K01649.01,0.5567961598964186,0.7572305142904788,0.6570133370934488
10788461,1,K03925.01,0.6078317492629182,0.7035545543997793,0.6556931518313487
11192235,1,K02329.01,0.554939883695392,0.7561895420533006,0.6555647128743463
5031857,1,K01573.01,0.6249954802037329,0.6813803377894156,0.6531879089965742
8934495,1,K00524.01,0.5699028759946161,0.7357679753895119,0.652835425692064
8753896,2,,0.677875873658143,0.6214545519802515,0.6496652128191972
12121570,1,K02290.01,0.7183311710682376,0.5722197217519456,0.6452754464100916
5621333,1,K03341.01,0.5953694925365434,0.6948384994183472,0.6451039959774453
10922659,1,K03335.01,0.6609416892092522,0.6241349333034963,0.6425383112563743
10418797,2,,0.5108789781042353,0.7739123620676891,0.6423956700859622
7987866,1,K02363.01,0.5145236408184795,0.7701315940878409,0.6423276174531602
8558011,1,K00577.01,0.5921007084841758,0.6923133137899169,0.6422070111370464
12009347,2,,0.7449376606076943,0.5338593215734542,0.6393984910905742
9697131,1,K02706.01,0.6037710703293118,0.6735261489610033,0.6386486096451576
7463685,1,K02890.01,0.6815061934017237,0.5933380648452484,0.6374221291234861
9346253,2,,0.5834136148118763,0.6874213159884749,0.6354174654001756
11967788,1,K04021.01,0.7444817945053146,0.524615681768495,0.6345487381369048
10141900,1,K01082.01,0.6765592998481401,0.5868448971882274,0.6317020985181838
8043714,2,,0.5907634179299129,0.6663967676184186,0.6285800927741658
6500206,2,,0.600435419345176,0.6530768769262927,0.6267561481357343
5621586,1,K02415.01,0.5719407216687338,0.679987149723541,0.6259639356961374
10480915,1,K02040.01,0.6136527931156563,0.6370955222343793,0.6253741576750178
4951877,1,K00501.01,0.626857974361609,0.6236212676134032,0.6252396209875061
3745559,1,K03423.01,0.5081949491630908,0.7327364510037869,0.6204657000834388
5906694,1,K04069.01,0.6608681790317941,0.5790532020325663,0.6199606905321802
8142942,1,K01985.01,0.6335274351862761,0.6046448523083692,0.6190861437473226
7899070,1,K02683.01,0.5263862961621828,0.7041684186043307,0.6152773573832567
7449554,1,K02357.01,0.6420499312281158,0.5831445351873102,0.612597233207713
10843431,1,K07378.01,0.5009021005915021,0.7218205347984781,0.6113613176949901
6879183,1,K05333.01,0.7018920720821891,0.518537431058714,0.6102147515704515
11408935,2,,0.5303843192594675,0.6836925420217017,0.6070384306405846
11622985,1,K02550.01,0.5862618543234113,0.6261503001315474,0.6062060772274793
8554498,1,K00005.01,0.6016347223322591,0.6070377099116964,0.6043362161219777
12469800,1,K02543.01,0.5370481199681392,0.6699456781101145,0.6034968990391268
5436338,1,K02835.01,0.5565997800038576,0.6475649919198183,0.6020823859618379
9714550,1,K03048.01,0.5288262281811059,0.6713862309921751,0.6001062295866405
5195172,1,K01671.01,0.6200775185522974,0.5781957057764661,0.5991366121643817
10186945,2,,0.6161463991317662,0.5800697913918771,0.5981080952618216
6291837,1,K00308.01,0.5698734378036371,0.6232708945872681,0.5965721661954526
7825899,3,K00896.03,0.6086399478680151,0.5835403374409719,0.5960901426544936
1571511,2,,0.6794774096076426,0.5083197106498372,0.5938985601287399
7972785,2,,0.6089420355706667,0.5765476213216232,0.592744828446145
7678434,2,K00892.02,0.6794708265115172,0.5018404244630468,0.590655625487282
2161536,1,K02130.01,0.6677283374214963,0.5059865057171362,0.5868574215693163
8547429,1,K02658.01,0.5072950354525039,0.6662964872159414,0.5867957613342226
5773121,1,K04002.01,0.5816694688381958,0.5909874261199393,0.5863284474790675
11404644,2,,0.5293397742515655,0.6313168078461517,0.5803282910488586
5953297,1,K02733.01,0.5991944472866091,0.5506254571065851,0.574909952196597
8880123,1,K03493.01,0.6169696778467846,0.5257047294002907,0.5713372036235376
10583180,2,,0.5837017379016481,0.5569226224879442,0.5703121801947961
9030537,1,K01892.01,0.6282116390665591,0.5105589465924087,0.5693852928294839
10387742,1,K02583.01,0.5550623304358098,0.5813628151944253,0.5682125728151175
9283156,1,K02657.01,0.6026693257505676,0.5294728185708695,0.5660710721607185
9153823,1,K06195.01,0.5887243856653712,0.5377864200985529,0.5632554028819621
7103919,1,K04310.01,0.5838143845984871,0.5299111881295033,0.5568627863639952
7679812,1,K03943.01,0.5123391652212158,0.5987396005926371,0.5555393829069264
6289650,1,K00415.01,0.5933300617484123,0.516740671089003,0.5550353664187077
10656508,1,K00211.01,0.5612042576325371,0.5487331192446058,0.5549686884385714
11818607,1,K02467.01,0.5606781031281642,0.5339021987249992,0.5472901509265817
12456063,1,K04329.01,0.5860085278401754,0.508422317552687,0.5472154226964312
9285265,2,K03410.02,0.5246337141582933,0.5586773130032441,0.5416555135807687
9886224,2,,0.5225638733010146,0.5320847306712577,0.5273243019861362
5106313,1,K02878.01,0.5374713425515576,0.514958050938227,0.5262146967448923
8121328,1,K03486.01,0.5207603235322571,0.5201302142105833,0.5204452688714202
7733731,1,K04022.01,0.5121997628650583,0.5006989276393796,0.506449345252219
